2aingenieros.com	2aingenieros.com
abbott.com	abbott.com
abilcorporacion.com	abilcorporacion.com
af102.com	af102.com
aguaminerallamolina.com	aguaminerallamolina.com
akdint.com	akdint.com
aleseperu.com	aleseperu.com
amazonorganico.com	amazonorganico.com
andinafreight.com	andinafreight.com
aol.com	aol.com
aquaexpeditions.com	aquaexpeditions.com
aquamatperu.com	aquamatperu.com
atikoinmobiliaria.com	atikoinmobiliaria.com
atlascopco.com	atlascopco.com
atsaperu.com	atsaperu.com
auditorescorporativos.com	auditorescorporativos.com
b3peru.com	b3peru.com
bamcsac.com	bamcsac.com
baructech.com	baructech.com
bat.com	bat.com
bbraun.com	bbraun.com
bbva.com	bbva.com
bexperience.com	bexperience.com
cajasycartonessantarosa.com	cajasycartonessantarosa.com
cambiapublicidad.com	cambiapublicidad.com
canvia.com	canvia.com
capipconsulting.com	capipconsulting.com
cardomaximusemporium.com	cardomaximusemporium.com
carhuamayocargo.com	carhuamayocargo.com
clorox.com	clorox.com
cmasterperu.com	cmasterperu.com
coarsm.com	coarsm.com
coelpra.com	coelpra.com
constructorakgj.com	constructorakgj.com
consultoriadata.com	consultoriadata.com
corporacionjuridica.com	corporacionjuridica.com
corporaciontextil.com	corporaciontextil.com
cosola.com	cosola.com
cotours.com	cotours.com
crepier.com	crepier.com
cvproject.com	cvproject.com
disalimhidalgo.com	disalimhidalgo.com
donmamino.com	donmamino.com
dpworld.com	dpworld.com
ecimep.com	ecimep.com
edosushibar.com	edosushibar.com
efcim.com	efcim.com
electrosisperu.com	electrosisperu.com
ellacuriaga.com	ellacuriaga.com
engie.com	engie.com
entrenandoelamor.com	entrenandoelamor.com
epinsa.com	epinsa.com
estudiocaillaux.com	estudiocaillaux.com
estudiofaba.com	estudiofaba.com
estudioprolegal.com	estudioprolegal.com
extrahuevordinario.com	extrahuevordinario.com
fabiocolor.com	fabiocolor.com
fagaconsulting.com	fagaconsulting.com
ferreyros.com	ferreyros.com
fmi.com	fmi.com
gastegraf.com	gastegraf.com
gesnetperu.com	gesnetperu.com
gfruits.com	gfruits.com
global-comunications.com	global-comunications.com
globilandia.com	globilandia.com
gmail.com	gmail.com
gmail.cpm	gmail.com
gmaill.com	gmail.com
gmail.comn	gmail.com
1968gmail.com	gmail.com
308gmail.com	gmail.com
gmail.om	gmail.com
gmail.co	gmail.com
gmail.cm	gmail.com
gmail.como	gmail.com
gmail.col	gmail.com
gmailm.com	gmail.com
gmail.cpom	gmail.com
gmail.coom	gmail.com
gmail.ocm	gmail.com
gmail. com	gmail.com
gmail.coml	gmail.com
gmail.comh	gmail.com
gmail.commmm	gmail.com
gmail.comcicci	gmail.com
091gmail.com	gmail.com
29gmail.com	gmail.com
gamail.com	gmail.com
gimiel.com	gmail.com
gmai.com	gmail.com
gmaiil.com	gmail.com
gmaio.com	gmail.com
gmali.com	gmail.com
gmial.com	gmail.com
gmqil.com	gmail.com
gnmail.com	gmail.com
gomail.com	gmail.com
gomelast.com	gomelast.com
gonzalosierra.com	gonzalosierra.com
groupviatech.com	groupviatech.com
gruascarbajal.com	gruascarbajal.com
grupoagas.com	grupoagas.com
grupoanglomed.com	grupoanglomed.com
grupodayhecthi.com	grupodayhecthi.com
grupoprogestion.com	grupoprogestion.com
hdmsteel.com	hdmsteel.com
heydeevelasquez.com	heydeevelasquez.com
hinrasac.com	hinrasac.com
hmf-latam.com	hmf-latam.com
hotmail.com	hotmail.com
hotmai.com	hotmail.com
hotmial.com	hotmail.com
hotmal.com	hotmail.com
hotmail.con	hotmail.com
hotlmail.com	hotmail.com
hotmsil.com	hotmail.com
hotmaill.com	hotmail.com
ghotmail.com	hotmail.com
hotmail.cm	hotmail.com
hotnail.com	hotmail.com
hotmail.cpm	hotmail.com
hotmaikl.com	hotmail.com
hotmaul.com	hotmail.com
hothail.com	hotmail.com
hotmail.com.com	hotmail.com
hotmail.comm	hotmail.com
hotmail.comn	hotmail.com
hotmeil.com	hotmail.com
hotmamil.com	hotmail.com
hotmailm.com	hotmail.com
hitmail.com	hotmail.com
hoamail.com	hotmail.com
hoitmail.com	hotmail.com
hoymail.com	hotmail.com
hptmail.com	hotmail.com
htomail.com	hotmail.com
otmail.com	hotmail.com
hscsac.com	hscsac.com
ht.com	ht.com
huarmis.com	huarmis.com
hudbayminerals.com	hudbayminerals.com
huiza.com	huiza.com
ibicentenariojmc.com	ibicentenariojmc.com
cloud.com	icloud.com
icloud.com	icloud.com
icluod.com	icloud.com
iflutech.com	iflutech.com
impalaterminals.com	impalaterminals.com
ingrammicro.com	ingrammicro.com
inkaterra.com	inkaterra.com
inmapesrl.com	inmapesrl.com
intcomex.com	intcomex.com
intrepidtravel.com	intrepidtravel.com
iproyectosma.com	iproyectosma.com
isadat.com	isadat.com
jercourier.com	jercourier.com
jfrgestion.com	jfrgestion.com
josvicperu.com	josvicperu.com
jsuministros.com	jsuministros.com
kpmg.com	kpmg.com
lanesa.com	lanesa.com
latam.com	latam.com
laurusperu.com	laurusperu.com
lazodecontrol.com	lazodecontrol.com
lima-airport.com	lima-airport.com
live.com	live.com
lorenaandrea.com	lorenaandrea.com
losandescorp.com	losandescorp.com
lpygrafics.com	lpygrafics.com
lucarbal.com	lucarbal.com
macassi.com	macassi.com
maframedical.com	maframedical.com
makrosun.com	makrosun.com
maprig.com	maprig.com
marketing-alterno.com	marketing-alterno.com
marriott.com	marriott.com
martinsservices.com	martinsservices.com
me.com	me.com
mecanizaindustrial.com	mecanizaindustrial.com
mechtecingenieros.com	mechtecingenieros.com
melbat.com	melbat.com
mireyatovarlds.com	mireyatovarlds.com
monticellohope.com	monticellohope.com
moranproveedores.com	moranproveedores.com
msn.com	msn.com
mykservicios.com	mykservicios.com
naver.com	naver.com
netafim.com	netafim.com
newmont.com	newmont.com
nexans.com	nexans.com
nextlatam.com	nextlatam.com
notiene.com	notiene.com
nuevomundosa.com	nuevomundosa.com
onceprofesionales.com	onceprofesionales.com
organicvegetables.com	organicvegetables.com
orica.com	orica.com
ornavital.com	ornavital.com
outllook.com	outlook.com
outlok.com	outlook.com
outllok.com	outlook.com
oitlook.com	outlook.com
oulook.com	outlook.com
ovicol.com	ovicol.com
pardai.com	pardai.com
pedidosya.com	pedidosya.com
pentatechsac.com	pentatechsac.com
pepsico.com	pepsico.com
perezobregon.com	perezobregon.com
peruuniformes.com	peruuniformes.com
petrodisas.com	petrodisas.com
petroperu.com	petroperu.com
pinelscuscinetti.com	pinelscuscinetti.com
pirperu.com	pirperu.com
poke51.com	poke51.com
policeperu.com	policeperu.com
polywaterlatam.com	polywaterlatam.com
powercosts.com	powercosts.com
promociones1021.com	promociones1021.com
proteinperu.com	proteinperu.com
protonmail.com	protonmail.com
psquality.com	psquality.com
quimicasuiza.com	quimicasuiza.com
remaincomputers.com	remaincomputers.com
richmondelt.com	richmondelt.com
robertocotrina.com	robertocotrina.com
rocsoilconsulting.com	rocsoilconsulting.com
rojoexpress.com	rojoexpress.com
rosegaming.com	rosegaming.com
rws-nyc.com	rws-nyc.com
rygsac.com	rygsac.com
sany-ltda.com	sany-ltda.com
sattelital.com	sattelital.com
sbdinc.com	sbdinc.com
senatil.com	senatil.com
serviciossac.com	serviciossac.com
sgs.com	sgs.com
sheraton.com	sheraton.com
silvateam.com	silvateam.com
sise.com	sise.com
sisinnovation.com	sisinnovation.com
smartfit.com	smartfit.com
smingenieria.com	smingenieria.com
soalservice.com	soalservice.com
softmediaconsultores.com	softmediaconsultores.com
soiltechno.com	soiltechno.com
solintelperu.com	solintelperu.com
spainoximport.com	spainoximport.com
spectrumperu.com	spectrumperu.com
sportchampionsperu.com	sportchampionsperu.com
suez.com	suez.com
syvconsultores.com	syvconsultores.com
tasmisaperu.com	tasmisaperu.com
tecavi.com	tecavi.com
tecconsa.com	tecconsa.com
techkingperu.com	techkingperu.com
teck.com	teck.com
tecnifajas.com	tecnifajas.com
telefonica.com	telefonica.com
thermalperu.com	thermalperu.com
tiene.com	tiene.com
transmitelperu.com	transmitelperu.com
transportesjrq.com	transportesjrq.com
transtotalperu.com	transtotalperu.com
tydelectric.com	tydelectric.com
uniformesexecutivas.com	uniformesexecutivas.com
upch.com	upch.com
uribe-abogados.com	uribe-abogados.com
vasquezponte.com	vasquezponte.com
ve-logistics.com	ve-logistics.com
vinateatoyama.com	vinateatoyama.com
wescargo.com	wescargo.com
workinsaludocupacional.com	workinsaludocupacional.com
yahooo.com	yahoo.com
ymatex.com	ymatex.com
2066amgrau.edu.pe	2066amgrau.edu.pe
abrahamlincoln.edu.pe	abrahamlincoln.edu.pe
ae.edu.pe	ae.edu.pe
ar.edu.pe	ar.edu.pe
autonoma.edu.pe	autonoma.edu.pe
ayacucho.edu.pe	ayacucho.edu.pe
bausate.edu.pe	bausate.edu.pe
bgroup.edu.pe	bgroup.edu.pe
bpastor.edu.pe	bpastor.edu.pe
carloscueto.edu.pe	carloscueto.edu.pe
cased.edu.pe	cased.edu.pe
cata.edu.pe	cata.edu.pe
cepsantamariagoretti.edu.pe	cepsantamariagoretti.edu.pe
certus.edu.pe	certus.edu.pe
cesarvallejo.edu.pe	cesarvallejo.edu.pe
cientifica.edu.pe	cientifica.edu.pe
claretiano.edu.pe	claretiano.edu.pe
cmlp.edu.pe	cmlp.edu.pe
colegioanciladei.edu.pe	colegioanciladei.edu.pe
colegiojbp.edu.pe	colegiojbp.edu.pe
colegioparroquialmontserrat.edu.pe	colegioparroquialmontserrat.edu.pe
colegioparroquialsanjose.edu.pe	colegioparroquialsanjose.edu.pe
colegiosanantoniodepadua.edu.pe	colegiosanantoniodepadua.edu.pe
colegiospioneros.edu.pe	colegiospioneros.edu.pe
colegiounion.edu.pe	colegiounion.edu.pe
colegiovallejo.edu.pe	colegiovallejo.edu.pe
columbia.edu.pe	columbia.edu.pe
cruzsaco.edu.pe	cruzsaco.edu.pe
edu.edu.pe	edu.edu.pe
enamm.edu.pe	enamm.edu.pe
ensabap.edu.pe	ensabap.edu.pe
ensad.edu.pe	ensad.edu.pe
eofap.edu.pe	eofap.edu.pe
epic.edu.pe	epic.edu.pe
esan.edu.pe	esan.edu.pe
escuelamilitar.edu.pe	escuelamilitar.edu.pe
esge.edu.pe	esge.edu.pe
espinosa.edu.pe	espinosa.edu.pe
eyg.edu.pe	eyg.edu.pe
feyalegria05.edu.pe	feyalegria05.edu.pe
gerens.edu.pe	gerens.edu.pe
ic.edu.pe	ic.edu.pe
icloud.edu.pe	icloud.edu.pe
icpna.edu.pe	icpna.edu.pe
idat.edu.pe	idat.edu.pe
ie2024.edu.pe	ie2024.edu.pe
iebleguia.edu.pe	iebleguia.edu.pe
iemonterrico.edu.pe	iemonterrico.edu.pe
iepmercedarias.edu.pe	iepmercedarias.edu.pe
ilac.edu.pe	ilac.edu.pe
imca.edu.pe	imca.edu.pe
ingenieria.edu.pe	ingenieria.edu.pe
inictel-uni.edu.pe	inictel-uni.edu.pe
innovaschools.edu.pe	innovaschools.edu.pe
ispdn.edu.pe	ispdn.edu.pe
job.edu.pe	job.edu.pe
juan23.edu.pe	juan23.edu.pe
launion.edu.pe	launion.edu.pe
lncm.edu.pe	lncm.edu.pe
losproceres.edu.pe	losproceres.edu.pe
materchristidic.edu.pe	materchristidic.edu.pe
matervirtual.edu.pe	matervirtual.edu.pe
mcdc.edu.pe	mcdc.edu.pe
menc.edu.pe	menc.edu.pe
mtgc3071.edu.pe	mtgc3071.edu.pe
nivela.edu.pe	nivela.edu.pe
noezevallos.edu.pe	noezevallos.edu.pe
nsdl.edu.pe	nsdl.edu.pe
nsl.edu.pe	nsl.edu.pe
nslm.edu.pe	nslm.edu.pe
opeu.edu.pe	opeu.edu.pe
parroquialcarmelitas.edu.pe	parroquialcarmelitas.edu.pe
pdl.edu.pe	pdl.edu.pe
preschoolcofam.edu.pe	preschoolcofam.edu.pe
prg.edu.pe	prg.edu.pe
pronabec.edu.pe	pronabec.edu.pe
recoleta.edu.pe	recoleta.edu.pe
sacooliveros.edu.pe	sacooliveros.edu.pe
sanagustin.edu.pe	sanagustin.edu.pe
sanantoniodepadua.edu.pe	sanantoniodepadua.edu.pe
sanbenito.edu.pe	sanbenito.edu.pe
sanclemente.edu.pe	sanclemente.edu.pe
sanfranciscocollege.edu.pe	sanfranciscocollege.edu.pe
sanluis.edu.pe	sanluis.edu.pe
sanpiox.edu.pe	sanpiox.edu.pe
sanvicenteica.edu.pe	sanvicenteica.edu.pe
sencico.edu.pe	sencico.edu.pe
sfj.edu.pe	sfj.edu.pe
sjcbco.edu.pe	sjcbco.edu.pe
sjm.edu.pe	sjm.edu.pe
sorluciasscc.edu.pe	sorluciasscc.edu.pe
stgeorges.edu.pe	stgeorges.edu.pe
svf.edu.pe	svf.edu.pe
tecshoools.edu.pe	tecshoools.edu.pe
tgdefanning.edu.pe	tgdefanning.edu.pe
trener.edu.pe	trener.edu.pe
trilcelm.edu.pe	trilcelm.edu.pe
uandina.edu.pe	uandina.edu.pe
ucbvirtual.edu.pe	ucbvirtual.edu.pe
ucientifica.edu.pe	ucientifica.edu.pe
ucvvvirtual.edu.pe	ucvvvirtual.edu.pe
ue.edu.pe	ue.edu.pe
ulcb.edu.pe	ulcb.edu.pe
ulima.edu.pe	ulima.edu.pe
uma.edu.pe	uma.edu.pe
umsm.edu.pe	umsm.edu.pe
unab.edu.pe	unab.edu.pe
unac.edu.pe	unac.edu.pe
unam.edu.pe	unam.edu.pe
unamba.edu.pe	unamba.edu.pe
unapiquitos.edu.pe	unapiquitos.edu.pe
unasam.edu.pe	unasam.edu.pe
unat.edu.pe	unat.edu.pe
uncp.edu.pe	uncp.edu.pe
unf.edu.pe	unf.edu.pe
unfv.edu.pe	unfv.edu.pe
unh.edu.pe	unh.edu.pe
unibagua.edu.pe	unibagua.edu.pe
unica.edu.pe	unica.edu.pe
unitru.edu.pe	unitru.edu.pe
unprg.edu.pe	unprg.edu.pe
uns.edu.pe	uns.edu.pe
unsa.edu.pe	unsa.edu.pe
unsaa.edu.pe	unsaa.edu.pe
unsch.edu.pe	unsch.edu.pe
unsm.edu.pe	unsm.edu.pe
unsmm.edu.pe	unsmm.edu.pe
unsmsm.edu.pe	unsmsm.edu.pe
untels.edu.pe	untels.edu.pe
upc.edu.pe	upc.edu.pe
upeu.edu.pe	upeu.edu.pe
upsb.edu.pe	upsb.edu.pe
uroosevelt.edu.pe	uroosevelt.edu.pe
usmp.edu.pe	usmp.edu.pe
utp.edu.pe	utp.edu.pe
uwiener.edu.pe	uwiener.edu.pe
vistaalegre3088.edu.pe	vistaalegre3088.edu.pe
aasa.com.pe	aasa.com.pe
agn.com.pe	agn.com.pe
almaperu.com.pe	almaperu.com.pe
alsud.com.pe	alsud.com.pe
apbusines.com.pe	apbusines.com.pe
arival.com.pe	arival.com.pe
austral.com.pe	austral.com.pe
avanplast.com.pe	avanplast.com.pe
basa.com.pe	basa.com.pe
bcdtravel.com.pe	bcdtravel.com.pe
carpediem.com.pe	carpediem.com.pe
cesel.com.pe	cesel.com.pe
claro.com.pe	claro.com.pe
claroempresas.com.pe	claroempresas.com.pe
cnpc.com.pe	cnpc.com.pe
coexa.com.pe	coexa.com.pe
comercio.com.pe	comercio.com.pe
compudatos.com.pe	compudatos.com.pe
conegutsud.com.pe	conegutsud.com.pe
consorcio.com.pe	consorcio.com.pe
corpelin.com.pe	corpelin.com.pe
cosco.com.pe	cosco.com.pe
covema.com.pe	covema.com.pe
cpa.com.pe	cpa.com.pe
creditex.com.pe	creditex.com.pe
des.com.pe	des.com.pe
diamante.com.pe	diamante.com.pe
divemotor.com.pe	divemotor.com.pe
dpa.com.pe	dpa.com.pe
dpcomunicaciones.com.pe	dpcomunicaciones.com.pe
elcope.com.pe	elcope.com.pe
electrodata.com.pe	electrodata.com.pe
elor.com.pe	elor.com.pe
else.com.pe	else.com.pe
enesa.com.pe	enesa.com.pe
epiuse.com.pe	epiuse.com.pe
estudioromerolaw.com.pe	estudioromerolaw.com.pe
euroandino.com.pe	euroandino.com.pe
euromotors.com.pe	euromotors.com.pe
exalmar.com.pe	exalmar.com.pe
ferreyros.com.pe	ferreyros.com.pe
formas.com.pe	formas.com.pe
gama.com.pe	gama.com.pe
gdajustadores.com.pe	gdajustadores.com.pe
geotec.com.pe	geotec.com.pe
glf.com.pe	glf.com.pe
gpn.com.pe	gpn.com.pe
grupoklm.com.pe	grupoklm.com.pe
grupomadero.com.pe	grupomadero.com.pe
grupovega.com.pe	grupovega.com.pe
hotmail.com.pe	hotmail.com.pe
hunter.com.pe	hunter.com.pe
inderal.com.pe	inderal.com.pe
ingtabelec.com.pe	ingtabelec.com.pe
interseguro.com.pe	interseguro.com.pe
jci.com.pe	jci.com.pe
linder.com.pe	linder.com.pe
live.com.pe	live.com.pe
manager.com.pe	manager.com.pe
maqpowersac.com.pe	maqpowersac.com.pe
medifarma.com.pe	medifarma.com.pe
mendozalaw.com.pe	mendozalaw.com.pe
mibanco.com.pe	mibanco.com.pe
myt.com.pe	myt.com.pe
neora.com.pe	neora.com.pe
newimage.com.pe	newimage.com.pe
nexum.com.pe	nexum.com.pe
nminmobiliaria.com.pe	nminmobiliaria.com.pe
noles.com.pe	noles.com.pe
novomatic.com.pe	novomatic.com.pe
ons.com.pe	ons.com.pe
optichem.com.pe	optichem.com.pe
outlook.com.pe	outlook.com.pe
perufarma.com.pe	perufarma.com.pe
perupacifico.com.pe	perupacifico.com.pe
printersupport.com.pe	printersupport.com.pe
procesos-sistemas.com.pe	procesos-sistemas.com.pe
qcorp.com.pe	qcorp.com.pe
qsystem.com.pe	qsystem.com.pe
quimand.com.pe	quimand.com.pe
ramirez.com.pe	ramirez.com.pe
rasil.com.pe	rasil.com.pe
reptrasem.com.pe	reptrasem.com.pe
rimac.com.pe	rimac.com.pe
rioblanco.com.pe	rioblanco.com.pe
saeta.com.pe	saeta.com.pe
samitex.com.pe	samitex.com.pe
sanbartolome.com.pe	sanbartolome.com.pe
san-fernando.com.pe	san-fernando.com.pe
sanjacinto.com.pe	sanjacinto.com.pe
saturno.com.pe	saturno.com.pe
sedapal.com.pe	sedapal.com.pe
sei.com.pe	sei.com.pe
setic.com.pe	setic.com.pe
siems.com.pe	siems.com.pe
sihiperu.com.pe	sihiperu.com.pe
sima.com.pe	sima.com.pe
sise.com.pe	sise.com.pe
sociedadquimica.com.pe	sociedadquimica.com.pe
sole.com.pe	sole.com.pe
speedy.com.pe	speedy.com.pe
stakeholders.com.pe	stakeholders.com.pe
starsec.com.pe	starsec.com.pe
sysel.com.pe	sysel.com.pe
tamatperu.com.pe	tamatperu.com.pe
tasa.com.pe	tasa.com.pe
tauruscg.com.pe	tauruscg.com.pe
totalpartes.com.pe	totalpartes.com.pe
unacem.com.pe	unacem.com.pe
unna.com.pe	unna.com.pe
vesumelec.com.pe	vesumelec.com.pe
vidagro.com.pe	vidagro.com.pe
weirminerals.com.pe	weirminerals.com.pe
ysaingenieros.com.pe	ysaingenieros.com.pe
zgroup.com.pe	zgroup.com.pe
agroalto.pe	agroalto.pe
altamira.pe	altamira.pe
america.pe	america.pe
anfral.pe	anfral.pe
aquaimport.pe	aquaimport.pe
aquatech.pe	aquatech.pe
auna.pe	auna.pe
buenaventura.pe	buenaventura.pe
bvu.pe	bvu.pe
caimmsrl.pe	caimmsrl.pe
cgreasac.pe	cgreasac.pe
chambi.pe	chambi.pe
cibertec.pe	cibertec.pe
com.pe	com.pe
compartamos.pe	compartamos.pe
credigob.pe	credigob.pe
culturadeseguros.pe	culturadeseguros.pe
decorcenter.pe	decorcenter.pe
ememsa.pe	ememsa.pe
etcstudio.pe	etcstudio.pe
gmail.pe	gmail.pe
grupoinversionesgyc.pe	grupoinversionesgyc.pe
grupomg.pe	grupomg.pe
guimac.pe	guimac.pe
imagina.pe	imagina.pe
intelmo.pe	intelmo.pe
interviajes.pe	interviajes.pe
inversioneslegerdan.pe	inversioneslegerdan.pe
ipp.pe	ipp.pe
izipay.pe	izipay.pe
jovarsaa.pe	jovarsaa.pe
kfa.pe	kfa.pe
laureate.pe	laureate.pe
logifit.pe	logifit.pe
logis.pe	logis.pe
lyztours.pe	lyztours.pe
miletrero.pe	miletrero.pe
monarca.pe	monarca.pe
montessori.pe	montessori.pe
nbg.pe	nbg.pe
netcore.pe	netcore.pe
notiene.pe	notiene.pe
olimpex.pe	olimpex.pe
pae.pe	pae.pe
pamer.pe	pamer.pe
peruvianeg.pe	peruvianeg.pe
primuscapital.pe	primuscapital.pe
pucp.pe	pucp.pe
qsestudio.pe	qsestudio.pe
rey.pe	rey.pe
rnpmexico.pe	rnpmexico.pe
rsm.pe	rsm.pe
senati.pe	senati.pe
sensus.pe	sensus.pe
sorprendelima.pe	sorprendelima.pe
spsa.pe	spsa.pe
sumacom.pe	sumacom.pe
supply-trading.pe	supply-trading.pe
sydney.pe	sydney.pe
talledo.pe	talledo.pe
telnetcom.pe	telnetcom.pe
teslaingenieria.pe	teslaingenieria.pe
texcen.pe	texcen.pe
textildelvalle.pe	textildelvalle.pe
ticonsulting.pe	ticonsulting.pe
uch.pe	uch.pe
unacem.pe	unacem.pe
uni.pe	uni.pe
upch.pe	upch.pe
usil.pe	usil.pe
usmp.pe	usmp.pe
vmaria.pe	vmaria.pe
vonneumann.pe	vonneumann.pe
ycnegociostextiles.pe	ycnegociostextiles.pe
zegelipae.pe	zegelipae.pe
ana.gob.pe	ana.gob.pe
corpac.gob.pe	corpac.gob.pe
inia.gob.pe	inia.gob.pe
midagri.gob.pe	midagri.gob.pe
mimp.gob.pe	mimp.gob.pe
minsa.gob.pe	minsa.gob.pe
mpfn.gob.pe	mpfn.gob.pe
pj.gob.pe	pj.gob.pe
rree.gob.pe	rree.gob.pe
serfor.gob.pe	serfor.gob.pe
sunarp.gob.pe	sunarp.gob.pe
trabajo.gob.pe	trabajo.gob.pe
ugel01.gob.pe	ugel01.gob.pe
acsaperu.org	acsaperu.org
alephimpresiones.net	alephimpresiones.net
appleyard.net	appleyard.net
corporacionjj.net	corporacionjj.net
daecge.net	daecge.net
eaportal.org	eaportal.org
exobliss.net	exobliss.net
hotmail.org	hotmail.org
hanmail.net	hotmail.net
icpnacusco.org	icpnacusco.org
ieee.org	ieee.org
letisinternational.org	letisinternational.org
miatech.net	miatech.net
midasolutions.net	midasolutions.net
newhouseinc.net	newhouseinc.net
onwardperu.org	onwardperu.org
perucacao.org	perucacao.org
rabobankfoundation.org	rabobankfoundation.org
to-digital.net	to-digital.net
watermission.org	watermission.org
aap.org.pe	aap.org.pe
alter.org.pe	alter.org.pe
caritas.org.pe	caritas.org.pe
cip.org.pe	cip.org.pe
dar.org.pe	dar.org.pe
derrama.org.pe	derrama.org.pe
goodhope.org.pe	goodhope.org.pe
psicopotenciar.org.pe	psicopotenciar.org.pe
ubicate.org.pe	ubicate.org.pe
amazonas.coar.edu.pe	amazonas.coar.edu.pe
apurimac.coar.edu.pe	apurimac.coar.edu.pe
ayacucho.coar.edu.pe	ayacucho.coar.edu.pe
cajamarca.coar.edu.pe	cajamarca.coar.edu.pe
cusco.coar.edu.pe	cusco.coar.edu.pe
ica.coar.edu.pe	ica.coar.edu.pe
pasco.coar.edu.pe	pasco.coar.edu.pe
gmai.ru	gmai.ru
inbox.ru	inbox.ru
mail.ru	mail.ru
outtlook.es	outlook.es
oputlook.es	outlook.es
outlook.es	outlook.es
yhoo.es	yahoo.es
yandex.ru	yandex.ru
entel.cl	entel.cl
hotmail.com.ar	hotmail.com.ar
hotmail.cl	hotmail.cl
itit.net.pe	itit.net.pe
live.com.ar	live.com.ar
mines.edu	mines.edu
outlook.com.ar	outlook.com.ar
outlook.cl	outlook.cl
salazar.net.pe	salazar.net.pe
telefonica.net.pe	telefonica.net.pe
unmsm.edu	unmsm.edu
wuv.edu	wuv.edu
certus.du.pe	certus.du.pe
hotmail.it	hotmail.it
morenopolo.me	morenopolo.me
proton.me	proton.me
ualberta.ca	ualberta.ca
uncp.du.pe	uncp.du.pe
yahoo.ca	yahoo.ca
yahoo.it	yahoo.it
alum.udep.edu.pe	alum.udep.edu.pe
alum.up.edu.pe	alum.up.edu.pe
alum.upf.edu	alum.upf.edu
alumnos.innovaschools.edu.pe	alumnos.innovaschools.edu.pe
alumnos.sanrafael.edu.pe	alumnos.sanrafael.edu.pe
belcorp.biz	belcorp.biz
classnk.or.jp	classnk.or.jp
crear.ucal.edu.pe	crear.ucal.edu.pe
est.unap.edu.pe	est.unap.edu.pe
est.unj.edu.pe	est.unj.edu.pe
fap.mil.pe	fap.mil.pe
fau.ufrj.br	fau.ufrj.br
laascension.edu.pd	laascension.edu.pd
mijic.at	mijic.at
mpfn.go.pe	mpfn.go.pe
netafim.orbia.com	netafim.orbia.com
pae.cc	pae.cc
paris.msf.org	paris.msf.org
semipresencial.upla.edu.pe	semipresencial.upla.edu.pe
talento.tls.edu.pe	talento.tls.edu.pe
tec.mex	tec.mex
unmsm.edu.com	unmsm.edu.com
utel.edu.mx	utel.edu.mx
wpcargo.com.net	wpcargo.com.net
yahoo.co.uk	yahoo.co.uk
yahoo.com.br	yahoo.com.br
yahoo.com.es	yahoo.com.es
